{"Train/Acc": 0.7144362999481059, "round": 115, "_runtime": 4016, "_timestamp": 1613115141, "_step": 463, "Train/Loss": 1.7493426295651726, "Test/Acc": 0.71333604666938, "Test/Loss": 1.74633224763147}