{"Train/Acc": 0.24472950181629477, "round": 0, "_runtime": 1121, "_timestamp": 1613120976, "_step": 3, "Train/Loss": 2.2056275657366053, "Test/Acc": 0.24406457739791074, "Test/Loss": 2.2072503632079825}