{"Train/Acc": 0.20924688635184224, "round": 0, "_runtime": 257, "_timestamp": 1613135455, "_step": 3, "Train/Loss": 2.2275409611685326, "Test/Acc": 0.21367521367521367, "Test/Loss": 2.2275877812552074}