{"Train/Acc": 0.7207284639335755, "round": 19, "_runtime": 721, "_timestamp": 1613116013, "_step": 79, "Train/Loss": 1.8848967084058932, "Test/Acc": 0.7281237281237282, "Test/Loss": 1.8830970934426796}